code_patient,age,sexe,sexe_num,pas,pad,pression_pulsee,tour_taille,glycemie_gL,cholesterol_total_gL,hdl_c_gL,ldl_c_gL,triglycerides_gL,rapport_tg_hdl_gL,glycemie_mmol,cholesterol_total_mmol,hdl_c_mmol,ldl_c_mmol,triglycerides_mmol,rapport_tg_hdl_mmol,critere_taille,critere_tg,critere_hdl,critere_hta,critere_glycemie,score_smet,diagnostic_smet_kobo,diagnostic_smet,smet
831-01,53,M,0,120,70,50,98.0,0.83,1.5,0.56,1.19,0.82,1.464285714285714,4.607,3.879,1.448,3.077,0.926,0.639,1,0,0,0,0,1,Non,Non,0
849-02,68,M,0,168,92,76,117.0,1.17,2.2,0.49,2.25,0.82,1.673469387755102,6.495,5.689,1.267,5.818,0.926,0.731,1,0,0,1,1,3,Oui,Oui,1
983-03,55,F,1,144,60,84,104.0,1.22,3.3,0.95,1.87,1.52,1.6,6.772,8.534,2.457,4.836,1.716,0.699,1,1,0,1,1,4,Oui,Oui,1
997-04,26,M,0,114,62,52,77.5,1.21,1.7,0.52,0.81,0.89,1.7115384615384617,6.717,4.396,1.345,2.095,1.005,0.747,0,0,0,0,1,1,Non,Non,0
104-05,48,F,1,148,100,48,109.0,0.84,2.4,0.58,1.67,1.13,1.9482758620689653,4.663,6.206,1.5,4.319,1.276,0.851,1,0,0,1,0,2,Non,Non,0
124-06,61,M,0,120,70,50,103.0,0.93,1.7,0.31,1.25,0.6,1.9354838709677415,5.162,4.396,0.802,3.232,0.677,0.845,1,0,1,0,0,2,Non,Non,0
000-07,40,F,1,136,70,66,106.0,1.16,2.7,0.51,1.77,1.6,3.1372549019607843,6.439,6.982,1.319,4.577,1.806,1.37,1,1,0,1,1,4,Oui,Oui,1
136-08,38,F,1,130,90,40,82.0,0.87,2.2,0.65,1.23,1.45,2.230769230769231,4.829,5.689,1.681,3.181,1.637,0.974,1,0,0,1,0,2,Non,Non,0
110-09,62,F,1,120,68,52,120.0,0.9,2.6,0.64,1.87,0.98,1.53125,4.996,6.724,1.655,4.836,1.106,0.669,1,0,0,0,0,1,Non,Non,0
264-10,51,M,0,133,89,44,95.0,1.2,2.1,0.48,1.42,1.32,2.7500000000000004,6.661,5.431,1.241,3.672,1.49,1.201,1,0,0,1,1,3,Oui,Oui,1
273-11,38,M,0,120,72,48,91.0,0.86,1.71,0.35,1.14,0.65,1.8571428571428572,4.774,4.422,0.905,2.948,0.734,0.811,0,0,1,0,0,1,Non,Non,0
278-12,57,F,1,142,87,55,125.0,1.9,1.7,0.34,1.04,0.81,2.3823529411764706,10.547,4.396,0.879,2.689,0.914,1.04,1,0,1,1,1,4,Oui,Oui,1
292-13,36,M,0,112,78,34,114.5,0.94,2.4,0.59,1.69,1.44,2.440677966101695,5.218,6.206,1.526,4.37,1.626,1.066,1,0,0,0,0,1,Non,Non,0
294-14,70,F,1,136,82,54,102.5,2.73,3.1,0.74,1.33,6.92,9.35135135135135,15.154,8.017,1.914,3.439,7.813,4.083,1,1,0,1,1,4,Oui,Oui,1
295-15,65,F,1,140,78,62,95.0,0.86,1.6,0.37,1.21,1.33,3.5945945945945947,4.774,4.138,0.957,3.129,1.502,1.569,1,0,1,1,0,3,Oui,Oui,1
594-16,52,M,0,126,90,36,89.0,0.87,1.9,0.37,1.53,1.01,2.72972972972973,4.829,4.913,0.957,3.957,1.14,1.192,0,0,1,1,0,2,Oui,Non,0
605-17,66,F,1,126,76,50,104.0,1.42,1.7,0.46,1.24,1.13,2.4565217391304346,7.882,4.396,1.19,3.207,1.276,1.072,1,0,1,0,1,3,Oui,Oui,1
611-18,49,M,0,140,102,38,114.0,1.78,2.0,0.23,1.77,1.31,5.695652173913044,9.881,5.172,0.595,4.577,1.479,2.487,1,0,1,1,1,4,Oui,Oui,1
138-22,54,M,0,141,100,41,106.5,1.01,1.63,0.36,1.2,0.82,2.2777777777777777,5.607,4.215,0.931,3.103,0.926,0.994,1,0,1,1,1,4,Oui,Oui,1
714-20,56,F,1,120,70,50,76.0,0.86,2.9,0.54,2.09,0.65,1.2037037037037035,4.774,7.499,1.396,5.405,0.734,0.526,0,0,0,0,0,0,Non,Non,0
710-19,41,F,1,140,90,50,86.0,0.73,1.7,0.37,0.98,1.41,3.8108108108108105,4.052,4.396,0.957,2.534,1.592,1.664,1,0,1,1,0,3,Oui,Oui,1
721-21,37,F,1,120,80,40,108.0,1.09,1.8,0.47,1.18,0.95,2.021276595744681,6.051,4.655,1.215,3.051,1.073,0.882,1,0,1,0,1,3,Oui,Oui,1
168-24,74,M,0,122,78,44,88.0,0.76,2.12,0.51,1.57,0.71,1.392156862745098,4.219,5.482,1.319,4.06,0.802,0.608,0,0,0,0,0,0,Non,Non,0
000-23,36,M,0,118,86,32,80.5,0.88,2.64,0.74,1.37,2.67,3.608108108108108,4.885,6.827,1.914,3.543,3.014,1.575,0,1,0,1,0,2,Oui,Non,0
492-25,44,F,1,139,103,36,103.0,1.17,2.58,0.57,1.95,0.8,1.4035087719298247,6.495,6.672,1.474,5.043,0.903,0.613,1,0,0,1,1,3,Oui,Oui,1
500-26,57,M,0,143,98,45,79.5,3.44,3.16,0.71,2.27,1.27,1.7887323943661972,19.095,8.172,1.836,5.87,1.434,0.781,0,0,0,1,1,2,Non,Non,0
632-27,49,M,0,144,88,56,96.0,0.92,2.55,0.49,1.93,1.16,2.36734693877551,5.107,6.594,1.267,4.991,1.31,1.034,1,0,0,1,0,2,Oui,Non,0
669-28,52,M,0,222,109,113,98.0,1.45,1.75,0.34,1.37,0.7,2.0588235294117645,8.049,4.526,0.879,3.543,0.79,0.899,1,0,1,1,1,4,Oui,Oui,1
935-29,75,M,0,129,92,37,101.5,1.0,2.79,0.61,1.98,1.21,1.9836065573770487,5.551,7.215,1.577,5.12,1.366,0.866,1,0,0,1,1,3,Oui,Oui,1
936-30,51,M,0,158,110,48,96.0,0.95,2.4,0.5,1.4,3.36,6.72,5.273,6.206,1.293,3.62,3.793,2.934,1,1,0,1,0,3,Oui,Oui,1
984-33,53,F,1,140,93,47,98.0,0.85,2.61,0.47,1.92,1.09,2.319148936170213,4.718,6.749,1.215,4.965,1.231,1.012,1,0,1,1,0,3,Oui,Oui,1
673-34,47,F,1,124,78,46,86.5,1.78,1.88,0.37,1.27,1.55,4.1891891891891895,9.881,4.862,0.957,3.284,1.75,1.829,1,1,1,0,1,4,Oui,Oui,1
968-32,50,F,1,147,101,46,97.0,1.87,2.3,0.5,1.56,1.85,3.7,10.38,5.948,1.293,4.034,2.089,1.615,1,1,0,1,1,4,Oui,Oui,1
000-31,50,F,1,143,95,48,90.0,0.87,2.68,0.61,1.94,1.12,1.836065573770492,4.829,6.93,1.577,5.017,1.264,0.802,1,0,0,1,0,2,Non,Non,0
078-35,65,F,1,112,64,48,113.0,1.5,1.04,0.24,0.57,2.39,9.958333333333334,8.326,2.689,0.621,1.474,2.698,4.348,1,1,1,0,1,4,Oui,Oui,1
125-41,48,F,1,131,91,40,109.5,1.72,1.91,0.3,1.44,1.36,4.533333333333334,9.548,4.939,0.776,3.724,1.535,1.979,1,0,1,1,1,4,Oui,Oui,1
114-42,64,F,1,154,84,70,98.0,1.55,2.16,0.47,1.56,1.18,2.5106382978723403,8.604,5.586,1.215,4.034,1.332,1.096,1,0,1,1,1,4,Oui,Oui,1
090-36,64,M,0,142,76,66,134.5,1.59,2.37,0.51,1.72,1.23,2.411764705882353,8.826,6.129,1.319,4.448,1.389,1.053,1,0,0,1,1,3,Oui,Oui,1
083-37,55,F,1,160,97,63,123.0,0.9,2.15,0.4,1.59,1.82,4.55,4.996,5.56,1.034,4.112,2.055,1.986,1,1,1,1,0,4,Oui,Oui,1
091-38,48,F,1,106,91,15,100.0,0.85,2.21,0.45,1.69,0.85,1.8888888888888888,4.718,5.715,1.164,4.37,0.96,0.825,1,0,1,1,0,3,Oui,Oui,1
098-39,55,F,1,153,95,58,105.5,0.9,1.91,0.34,1.44,1.16,3.4117647058823524,4.996,4.939,0.879,3.724,1.31,1.49,1,0,1,1,0,3,Oui,Oui,1
106-40,59,F,1,152,96,56,62.5,1.81,2.31,0.39,1.87,0.79,2.025641025641025,10.047,5.974,1.009,4.836,0.892,0.884,0,0,1,1,1,3,Oui,Oui,1
117-43,58,M,0,128,91,37,94.5,2.17,2.23,0.56,1.58,0.96,1.714285714285714,12.046,5.767,1.448,4.086,1.084,0.748,1,0,0,1,1,3,Oui,Oui,1
139-44,43,M,0,168,111,57,107.5,0.84,2.18,0.48,1.62,0.9,1.875,4.663,5.637,1.241,4.189,1.016,0.819,1,0,0,1,0,2,Oui,Non,0
072-45,42,F,1,124,78,46,83.0,0.88,2.41,0.46,1.81,1.2,2.6086956521739126,4.885,6.232,1.19,4.681,1.355,1.139,1,0,1,0,0,2,Non,Non,0
515-51,27,F,1,119,81,38,98.0,0.9,1.69,0.41,1.07,1.55,3.780487804878049,4.996,4.37,1.06,2.767,1.75,1.65,1,1,1,0,0,3,Oui,Oui,1
414-46,48,M,0,159,107,52,98.5,0.88,1.73,0.22,1.42,0.95,4.318181818181818,4.885,4.474,0.569,3.672,1.073,1.885,1,0,1,1,0,3,Oui,Oui,1
415-47,71,M,0,138,90,48,111.0,0.92,2.96,0.43,2.42,1.08,2.511627906976744,5.107,7.655,1.112,6.258,1.219,1.097,1,0,0,1,0,2,Oui,Non,0
417-48,53,M,0,145,90,55,93.0,0.86,1.82,0.36,1.33,1.18,3.2777777777777777,4.774,4.707,0.931,3.439,1.332,1.431,0,0,1,1,0,2,Oui,Non,0
425-49,56,F,1,122,91,31,92.5,0.86,1.0,0.2,0.76,0.84,4.199999999999999,4.774,2.586,0.517,1.965,0.948,1.834,1,0,1,1,0,3,Oui,Oui,1
449-50,56,F,1,143,92,51,112.5,1.96,1.78,0.38,1.16,1.74,4.578947368421052,10.88,4.603,0.983,3.0,1.964,1.999,1,1,1,1,1,5,Oui,Oui,1
463-52,79,F,1,144,95,49,108.0,1.05,2.33,0.33,1.75,1.77,5.363636363636363,5.829,6.025,0.853,4.526,1.998,2.342,1,1,1,1,1,5,Oui,Oui,1
464-53,41,M,0,123,78,45,75.0,0.79,1.52,0.26,1.27,0.49,1.8846153846153848,4.385,3.931,0.672,3.284,0.553,0.823,0,0,1,0,0,1,Non,Non,0
784-61,40,F,1,130,90,40,102.0,2.89,2.96,0.58,1.72,3.53,6.086206896551724,16.042,7.655,1.5,4.448,3.985,2.657,1,1,0,1,1,4,Oui,Oui,1
781-60,35,F,1,157,97,60,91.0,0.85,1.56,0.5,0.85,0.84,1.68,4.718,4.034,1.293,2.198,0.948,0.733,1,0,0,1,0,2,Non,Non,0
778-59,33,F,1,132,94,38,122.0,1.22,1.51,0.4,1.1,0.8,2.0,6.772,3.905,1.034,2.845,0.903,0.873,1,0,1,1,1,4,Oui,Oui,1
763-58,56,M,0,143,97,46,123.0,3.74,1.15,0.43,0.66,1.75,4.069767441860465,20.761,2.974,1.112,1.707,1.976,1.777,1,1,0,1,1,4,Oui,Oui,1
760-57,63,F,1,181,98,83,94.0,3.25,1.85,0.47,1.28,1.01,2.148936170212766,18.041,4.784,1.215,3.31,1.14,0.938,1,0,1,1,1,4,Oui,Oui,1
758-56,45,M,0,113,80,33,98.0,0.9,1.46,0.4,1.1,0.66,1.65,4.996,3.776,1.034,2.845,0.745,0.72,1,0,0,0,0,1,Non,Non,0
608-54,32,M,0,122,83,39,74.0,0.9,2.01,0.32,1.49,1.52,4.75,4.996,5.198,0.828,3.853,1.716,2.074,0,1,1,0,0,2,Non,Non,0
639-55,48,F,1,142,91,51,97.5,0.9,1.49,0.25,1.15,0.95,3.8,4.996,3.853,0.646,2.974,1.073,1.659,1,0,1,1,0,3,Oui,Oui,1
Léa-62,49,F,1,133,87,46,96.0,0.9,2.28,0.68,1.46,0.68,1.0,4.996,5.896,1.758,3.776,0.768,0.437,1,0,0,1,0,2,Non,Non,0
Yves-63,53,M,0,128,85,43,96.0,0.73,1.57,0.42,0.99,0.8,1.9047619047619049,4.052,4.06,1.086,2.56,0.903,0.832,1,0,0,1,0,2,Oui,Non,0
Julien-64,58,M,0,150,91,59,113.0,0.84,2.78,0.54,1.92,1.6,2.962962962962963,4.663,7.189,1.396,4.965,1.806,1.294,1,1,0,1,0,3,Oui,Oui,1
Yolande-65,39,F,1,126,96,30,107.5,0.92,1.75,0.31,1.41,0.73,2.3548387096774195,5.107,4.526,0.802,3.646,0.824,1.028,1,0,1,1,0,3,Oui,Oui,1
915-66,49,M,0,137,97,40,100.5,0.91,2.62,0.63,1.85,1.23,1.9523809523809523,5.051,6.775,1.629,4.784,1.389,0.852,1,0,0,1,0,2,Non,Non,0
014-67,40,M,0,136,95,41,100.0,2.42,1.51,0.31,0.98,1.08,3.483870967741936,13.433,3.905,0.802,2.534,1.219,1.521,1,0,1,1,1,4,Oui,Oui,1
068-68,64,M,0,134,103,31,117.0,1.15,2.5,0.45,1.87,1.4,3.1111111111111107,6.384,6.465,1.164,4.836,1.581,1.358,1,0,0,1,1,3,Oui,Oui,1
349-69,55,M,0,126,95,31,90.0,1.53,1.77,0.59,0.95,1.72,2.915254237288136,8.493,4.577,1.526,2.457,1.942,1.273,0,1,0,1,1,3,Oui,Oui,1
353-70,49,M,0,150,106,44,96.0,0.9,2.01,0.42,1.35,0.72,1.7142857142857142,4.996,5.198,1.086,3.491,0.813,0.748,1,0,0,1,0,2,Oui,Non,0
338-71,48,F,1,143,91,52,98.0,1.41,1.89,0.51,1.25,1.17,2.294117647058824,7.827,4.888,1.319,3.232,1.321,1.002,1,0,0,1,1,3,Oui,Oui,1
358-72,32,F,1,111,99,12,108.0,0.94,2.01,0.46,1.39,1.33,2.891304347826087,5.218,5.198,1.19,3.595,1.502,1.262,1,0,1,1,0,3,Oui,Oui,1
359-73,65,F,1,150,92,58,102.0,0.9,1.8,0.49,1.29,0.6,1.2244897959183674,4.996,4.655,1.267,3.336,0.677,0.535,1,0,1,1,0,3,Oui,Oui,1
364-74,62,M,0,157,92,65,107.0,1.92,1.82,0.52,1.23,0.93,1.7884615384615383,10.658,4.707,1.345,3.181,1.05,0.781,1,0,0,1,1,3,Oui,Oui,1
506-75,70,F,1,161,93,68,86.0,0.95,2.6,0.46,1.96,0.7,1.5217391304347825,5.273,6.724,1.19,5.069,0.79,0.664,1,0,1,1,0,3,Oui,Oui,1
508-76,67,M,0,123,73,50,100.5,0.9,2.13,0.37,1.75,0.55,1.4864864864864866,4.996,5.508,0.957,4.526,0.621,0.649,1,0,1,0,0,2,Non,Non,0
511-77,76,F,1,168,95,73,96.5,0.79,2.77,0.4,2.1,0.65,1.625,4.385,7.163,1.034,5.431,0.734,0.709,1,0,1,1,0,3,Oui,Oui,1
520-79,48,M,0,140,94,46,102.5,1.26,2.28,0.28,1.82,1.41,5.035714285714285,6.994,5.896,0.724,4.707,1.592,2.199,1,0,1,1,1,4,Oui,Oui,1
525-80,66,F,1,164,88,76,99.5,0.89,2.01,0.2,1.74,0.99,4.949999999999999,4.94,5.198,0.517,4.5,1.118,2.161,1,0,1,1,0,3,Oui,Oui,1
Virginie-78,47,F,1,139,83,56,104.0,0.86,1.63,0.48,0.92,1.16,2.4166666666666665,4.774,4.215,1.241,2.379,1.31,1.055,1,0,1,1,0,3,Oui,Oui,1
Justine-81,38,F,1,132,74,58,102.0,0.91,2.41,0.33,1.49,1.18,3.5757575757575752,5.051,6.232,0.853,3.853,1.332,1.561,1,0,1,1,0,3,Oui,Oui,1
034-88,30,M,0,128,85,43,80.5,0.96,1.69,0.41,1.15,0.7,1.7073170731707317,5.329,4.37,1.06,2.974,0.79,0.745,0,0,0,1,0,1,Oui,Non,0
017-87,63,F,1,143,83,60,99.5,1.08,1.82,0.38,1.43,0.6,1.5789473684210529,5.995,4.707,0.983,3.698,0.677,0.689,1,0,1,1,1,4,Oui,Oui,1
678-82,28,F,1,121,81,40,96.0,0.86,2.05,0.52,0.5,1.44,2.769230769230769,4.774,5.301,1.345,1.293,1.626,1.209,1,0,0,0,0,1,Non,Non,0
688-83,68,F,1,180,102,78,91.0,1.02,1.98,0.42,1.46,1.0,2.380952380952381,5.662,5.12,1.086,3.776,1.129,1.039,1,0,1,1,1,4,Oui,Oui,1
694-85,50,F,1,124,86,38,102.5,0.9,1.85,0.35,1.37,1.38,3.942857142857143,4.996,4.784,0.905,3.543,1.558,1.721,1,0,1,1,0,3,Oui,Oui,1
707-86,41,F,1,128,84,44,98.0,0.96,2.0,0.45,1.48,0.86,1.911111111111111,5.329,5.172,1.164,3.827,0.971,0.834,1,0,1,0,0,2,Non,Non,0
690-84,34,M,0,142,97,45,102.5,0.93,1.41,0.31,1.0,1.15,3.7096774193548394,5.162,3.646,0.802,2.586,1.298,1.62,1,0,1,1,0,3,Oui,Oui,1
319-89,72,F,1,127,80,47,71.5,0.86,2.25,0.51,1.65,0.6,1.1764705882352942,4.774,5.818,1.319,4.267,0.677,0.514,0,0,0,0,0,0,Non,Non,0
332-90,83,M,0,132,92,40,114.0,1.04,1.26,0.34,0.92,1.13,3.323529411764705,5.773,3.258,0.879,2.379,1.276,1.451,1,0,1,1,1,4,Oui,Oui,1
Y-91,68,M,0,141,80,61,138.0,0.97,2.07,0.41,1.6,0.91,2.2195121951219514,5.384,5.353,1.06,4.138,1.027,0.969,1,0,0,1,0,2,Oui,Non,0
366-92,61,F,1,140,78,62,108.0,0.79,1.84,0.51,1.34,0.46,0.9019607843137256,4.385,4.758,1.319,3.465,0.519,0.394,1,0,0,1,0,2,Non,Non,0
495-93,60,F,1,148,89,59,107.5,0.95,2.13,0.35,1.38,2.37,6.771428571428572,5.273,5.508,0.905,3.569,2.676,2.956,1,1,1,1,0,4,Oui,Oui,1
500-94,40,M,0,118,72,46,78.0,0.91,2.03,0.58,1.45,0.68,1.1724137931034484,5.051,5.25,1.5,3.75,0.768,0.512,0,0,0,0,0,0,Non,Non,0
503-95,45,F,1,130,79,51,97.5,0.9,1.37,0.35,0.94,1.09,3.1142857142857148,4.996,3.543,0.905,2.431,1.231,1.36,1,0,1,1,0,3,Oui,Oui,1
520-96,48,M,0,127,91,36,85.0,0.84,1.38,0.38,0.93,0.85,2.236842105263158,4.663,3.569,0.983,2.405,0.96,0.977,0,0,1,1,0,2,Oui,Non,0
Adèle-98,58,F,1,157,104,53,107.0,0.9,1.96,0.38,1.45,0.7,1.8421052631578947,4.996,5.069,0.983,3.75,0.79,0.804,1,0,1,1,0,3,Oui,Oui,1
822-99,64,F,1,135,88,47,110.5,1.1,2.95,0.53,2.31,0.6,1.1320754716981132,6.106,7.629,1.371,5.974,0.677,0.494,1,0,0,1,1,3,Oui,Oui,1
865-100,60,M,0,147,99,48,93.0,1.02,2.95,0.64,2.05,0.87,1.359375,5.662,7.629,1.655,5.301,0.982,0.593,0,0,0,1,1,2,Oui,Non,0
019-101,75,M,0,133,75,58,80.5,0.9,1.88,0.39,1.34,1.28,3.282051282051282,4.996,4.862,1.009,3.465,1.445,1.433,0,0,1,1,0,2,Oui,Non,0
813-97,56,F,1,137,97,40,116.0,0.82,2.5,0.41,1.94,0.76,1.853658536585366,4.552,6.465,1.06,5.017,0.858,0.809,1,0,1,1,0,3,Oui,Oui,1
Valerie-102,46,F,1,111,86,25,107.0,1.51,2.3,0.41,1.87,0.49,1.195121951219512,8.382,5.948,1.06,4.836,0.553,0.522,1,0,1,1,1,4,Oui,Oui,1
